id,Długość,Głębokość,Wysokość,Typ katalogowy,Cena katalogowa 2022
1,400,600,370,A3100.046,818
2,500,600,370,A3100.056,872
3,600,600,370,A3100.066,925
4,700,600,370,A3100.076,979
5,800,600,370,A3100.086,1033
6,900,600,370,A3100.096,1086
7,1000,600,370,A3100.106,1140
8,1100,600,370,A3100.116,1194
9,1200,600,370,A3100.126,1247
10,1300,600,370,A3100.136,1463
11,1400,600,370,A3100.146,1517
12,1500,600,370,A3100.156,1566
13,1600,600,370,A3100.166,1624
14,1700,600,370,A3100.176,1678
15,1800,600,370,A3100.186,1731
16,1900,600,370,A3100.196,1785
17,2000,600,370,A3100.206,1839
18,2100,600,370,A3100.216,2055
19,2200,600,370,A3100.226,2109
20,2300,600,370,A3100.236,2163
21,2400,600,370,A3100.246,2216
22,2500,600,370,A3100.256,2270
23,2600,600,370,A3100.266,2324
24,2700,600,370,A3100.276,2377
25,2800,600,370,A3100.286,2431
26,400,700,470,A3100.047,879
27,500,700,470,A3100.057,937
28,600,700,470,A3100.067,994
29,700,700,470,A3100.077,1052
30,800,700,470,A3100.087,1109
31,900,700,470,A3100.097,1167
32,1000,700,470,A3100.107,1224
33,1100,700,470,A3100.117,1282
34,1200,700,470,A3100.127,1340
35,1300,700,470,A3100.137,1581
36,1400,700,470,A3100.147,1638
37,1500,700,470,A3100.157,1696
38,1600,700,470,A3100.167,1753
39,1700,700,470,A3100.177,1811
40,1800,700,470,A3100.187,1868
41,1900,700,470,A3100.197,1926
42,2000,700,470,A3100.207,1983
43,2100,700,470,A3100.217,2224
44,2200,700,470,A3100.227,2282
45,2300,700,470,A3100.237,2339
46,2400,700,470,A3100.247,2397
47,2500,700,470,A3100.257,2454
48,2600,700,470,A3100.267,2512
49,2700,700,470,A3100.277,2569
50,2800,700,470,A3100.287,2627
51,400,600,850,A3101.046,985
52,500,600,850,A3101.056,1047
53,600,600,850,A3101.066,1108
54,700,600,850,A3101.076,1170
55,800,600,850,A3101.086,1232
56,900,600,850,A3101.096,1294
57,1000,600,850,A3101.106,1356
58,1100,600,850,A3101.116,1417
59,1200,600,850,A3101.126,1479
60,1300,600,850,A3101.136,1541
61,1400,600,850,A3101.146,1613
62,1500,600,850,A3101.156,1675
63,1600,600,850,A3101.166,1737
64,1700,600,850,A3101.176,1798
65,1800,600,850,A3101.186,1860
66,1900,600,850,A3101.196,1922
67,2000,600,850,A3101.206,1984
68,2100,600,850,A3101.216,2262
69,2200,600,850,A3101.226,2324
70,2300,600,850,A3101.236,2386
71,2400,600,850,A3101.246,2447
72,2500,600,850,A3101.256,2509
73,2600,600,850,A3101.266,2592
74,2700,600,850,A3101.276,2654
75,2800,600,850,A3101.286,2715
76,400,700,850,A3101.047,1026
77,500,700,850,A3101.057,1092
78,600,700,850,A3101.067,1158
79,700,700,850,A3101.077,1223
80,800,700,850,A3101.087,1289
81,900,700,850,A3101.097,1355
82,1000,700,850,A3101.107,1420
83,1100,700,850,A3101.117,1486
84,1200,700,850,A3101.127,1551
85,1300,700,850,A3101.137,1617
86,1400,700,850,A3101.147,1697
87,1500,700,850,A3101.157,1762
88,1600,700,850,A3101.167,1828
89,1700,700,850,A3101.177,1893
90,1800,700,850,A3101.187,1959
91,1900,700,850,A3101.197,2024
92,2000,700,850,A3101.207,2090
93,2100,700,850,A3101.217,2381
94,2200,700,850,A3101.227,2446
95,2300,700,850,A3101.237,2512
96,2400,700,850,A3101.247,2578
97,2500,700,850,A3101.257,2644
98,2600,700,850,A3101.267,2736
99,2700,700,850,A3101.277,2802
100,2800,700,850,A3101.287,2867
101,400,600,850,A3105.046,1131
102,500,600,850,A3105.056,1213
103,600,600,850,A3105.066,1296
104,700,600,850,A3105.076,1379
105,800,600,850,A3105.086,1462
106,900,600,850,A3105.096,1544
107,1000,600,850,A3105.106,1627
108,1100,600,850,A3105.116,1710
109,1200,600,850,A3105.126,1793
110,1300,600,850,A3105.136,1876
111,1400,600,850,A3105.146,1969
112,1500,600,850,A3105.156,2052
113,1600,600,850,A3105.166,2135
114,1700,600,850,A3105.176,2217
115,1800,600,850,A3105.186,2300
116,1900,600,850,A3105.196,2383
117,2000,600,850,A3105.206,2466
118,2100,600,850,A3105.216,2744
119,2200,600,850,A3105.226,2827
120,2300,600,850,A3105.236,2910
121,2400,600,850,A3105.246,2993
122,2500,600,850,A3105.256,3076
123,2600,600,850,A3105.266,3180
124,2700,600,850,A3105.276,3263
125,2800,600,850,A3105.286,3346
126,400,700,850,A3105.047,1180
127,500,700,850,A3105.057,1270
128,600,700,850,A3105.067,1361
129,700,700,850,A3105.077,1451
130,800,700,850,A3105.087,1542
131,900,700,850,A3105.097,1633
132,1000,700,850,A3105.107,1723
133,1100,700,850,A3105.117,1814
134,1200,700,850,A3105.127,1904
135,1300,700,850,A3105.137,1995
136,1400,700,850,A3105.147,2099
137,1500,700,850,A3105.157,2190
138,1600,700,850,A3105.167,2280
139,1700,700,850,A3105.177,2371
140,1800,700,850,A3105.187,2462
141,1900,700,850,A3105.197,2552
142,2000,700,850,A3105.207,2642
143,2100,700,850,A3105.217,2931
144,2200,700,850,A3105.227,3022
145,2300,700,850,A3105.237,3113
146,2400,700,850,A3105.247,3203
147,2500,700,850,A3105.257,3293
148,2600,700,850,A3105.267,3412
149,2700,700,850,A3105.277,3502
150,2800,700,850,A3105.287,3593
151,400,600,850,A3109.046,1320
152,500,600,850,A3109.056,1402
153,600,600,850,A3109.066,1484
154,700,600,850,A3109.076,1566
155,800,600,850,A3109.086,1649
156,900,600,850,A3109.096,1731
157,1000,600,850,A3109.106,1813
158,1100,600,850,A3109.116,1896
159,1200,600,850,A3109.126,1978
160,1300,600,850,A3109.136,2060
161,1400,600,850,A3109.146,2153
162,1500,600,850,A3109.156,2235
163,1600,600,850,A3109.166,2317
164,1700,600,850,A3109.176,2400
165,1800,600,850,A3109.186,2482
166,1900,600,850,A3109.196,2564
167,2000,600,850,A3109.206,2647
168,2100,600,850,A3109.216,2916
169,2200,600,850,A3109.226,2998
170,2300,600,850,A3109.236,3081
171,2400,600,850,A3109.246,3163
172,2500,600,850,A3109.256,3245
173,2600,600,850,A3109.266,3349
174,2700,600,850,A3109.276,3431
175,2800,600,850,A3109.286,3513
176,400,700,850,A3109.047,1359
177,500,700,850,A3109.057,1448
178,600,700,850,A3109.067,1537
179,700,700,850,A3109.077,1627
180,800,700,850,A3109.087,1716
181,900,700,850,A3109.097,1805
182,1000,700,850,A3109.107,1895
183,1100,700,850,A3109.117,1984
184,1200,700,850,A3109.127,2073
185,1300,700,850,A3109.137,2162
186,1400,700,850,A3109.147,2265
187,1500,700,850,A3109.157,2355
188,1600,700,850,A3109.167,2444
189,1700,700,850,A3109.177,2533
190,1800,700,850,A3109.187,2623
191,1900,700,850,A3109.197,2712
192,2000,700,850,A3109.207,2801
193,2100,700,850,A3109.217,3080
194,2200,700,850,A3109.227,3169
195,2300,700,850,A3109.237,3259
196,2400,700,850,A3109.247,3348
197,2500,700,850,A3109.257,3437
198,2600,700,850,A3109.267,3554
199,2700,700,850,A3109.277,3643
200,2800,700,850,A3109.287,3732
201,400,600,850,A3103.046,1457
202,500,600,850,A3103.056,1525
203,600,600,850,A3103.066,1593
204,700,600,850,A3103.076,1661
205,800,600,850,A3103.086,1729
206,900,600,850,A3103.096,1796
207,1000,600,850,A3103.106,1864
208,1100,600,850,A3103.116,1932
209,1200,600,850,A3103.126,2000
210,1300,600,850,A3103.136,2068
211,1400,600,850,A3103.146,2149
212,1500,600,850,A3103.156,2217
213,1600,600,850,A3103.166,2285
214,1700,600,850,A3103.176,2353
215,1800,600,850,A3103.186,2421
216,1900,600,850,A3103.196,2488
217,2000,600,850,A3103.206,2556
218,400,700,850,A3103.047,1503
219,500,700,850,A3103.057,1575
220,600,700,850,A3103.067,1647
221,700,700,850,A3103.077,1720
222,800,700,850,A3103.087,1791
223,900,700,850,A3103.097,1863
224,1000,700,850,A3103.107,1936
225,1100,700,850,A3103.117,2007
226,1200,700,850,A3103.127,2080
227,1300,700,850,A3103.137,2152
228,1400,700,850,A3103.147,2240
229,1500,700,850,A3103.157,2313
230,1600,700,850,A3103.167,2385
231,1700,700,850,A3103.177,2457
232,1800,700,850,A3103.187,2529
233,1900,700,850,A3103.197,2601
234,2000,700,850,A3103.207,2673
235,400,600,850,A3107.046,1632
236,500,600,850,A3107.056,1722
237,600,600,850,A3107.066,1811
238,700,600,850,A3107.076,1901
239,800,600,850,A3107.086,1990
240,900,600,850,A3107.096,2079
241,1000,600,850,A3107.106,2168
242,1100,600,850,A3107.116,2258
243,1200,600,850,A3107.126,2347
244,1300,600,850,A3107.136,2437
245,1400,600,850,A3107.146,2539
246,1500,600,850,A3107.156,2629
247,1600,600,850,A3107.166,2718
248,1700,600,850,A3107.176,2808
249,1800,600,850,A3107.186,2897
250,1900,600,850,A3107.196,2986
251,2000,600,850,A3107.206,3075
252,400,700,850,A3107.047,1685
253,500,700,850,A3107.057,1782
254,600,700,850,A3107.067,1880
255,700,700,850,A3107.077,1978
256,800,700,850,A3107.087,2076
257,900,700,850,A3107.097,2173
258,1000,700,850,A3107.107,2271
259,1100,700,850,A3107.117,2368
260,1200,700,850,A3107.127,2466
261,1300,700,850,A3107.137,2564
262,1400,700,850,A3107.147,2678
263,1500,700,850,A3107.157,2776
264,1600,700,850,A3107.167,2874
265,1700,700,850,A3107.177,2971
266,1800,700,850,A3107.187,3069
267,1900,700,850,A3107.197,3166
268,2000,700,850,A3107.207,3264
277,1000,600,850,A3110.106,3340
278,1100,600,850,A3110.116,3406
279,1200,600,850,A3110.126,3471
280,1300,600,850,A3110.136,3536
281,1400,600,850,A3110.146,3602
282,1500,600,850,A3110.156,3667
283,1600,600,850,A3110.166,3733
284,1700,600,850,A3110.176,3798
285,1800,600,850,A3110.186,3874
286,1900,600,850,A3110.196,3940
287,2000,600,850,A3110.206,4005
288,2100,600,850,A3110.216,4071
289,2200,600,850,A3110.226,4136
290,2300,600,850,A3110.236,4202
291,2400,600,850,A3110.246,4267
292,1000,700,850,A3110.107,3581
293,1100,700,850,A3110.117,3651
294,1200,700,850,A3110.127,3721
295,1300,700,850,A3110.137,3790
296,1400,700,850,A3110.147,3860
297,1500,700,850,A3110.157,3929
298,1600,700,850,A3110.167,3999
299,1700,700,850,A3110.177,4068
300,1800,700,850,A3110.187,4152
301,1900,700,850,A3110.197,4222
302,2000,700,850,A3110.207,4291
303,2100,700,850,A3110.217,4361
304,2200,700,850,A3110.227,4430
305,2300,700,850,A3110.237,4500
306,2400,700,850,A3110.247,4570
307,1000,600,850,A3118.106,3527
308,1100,600,850,A3118.116,3614
309,1200,600,850,A3118.126,3700
310,1300,600,850,A3118.136,3786
311,1400,600,850,A3118.146,3872
312,1500,600,850,A3118.156,3958
313,1600,600,850,A3118.166,4045
314,1700,600,850,A3118.176,4131
315,1800,600,850,A3118.186,4229
316,1900,600,850,A3118.196,4315
317,2000,600,850,A3118.206,4402
318,2100,600,850,A3118.216,4488
319,2200,600,850,A3118.226,4574
320,2300,600,850,A3118.236,4660
321,2400,600,850,A3118.246,4746
322,1000,700,850,A3118.107,3785
323,1100,700,850,A3118.117,3879
324,1200,700,850,A3118.127,3973
325,1300,700,850,A3118.137,4068
326,1400,700,850,A3118.147,4162
327,1500,700,850,A3118.157,4257
328,1600,700,850,A3118.167,4351
329,1700,700,850,A3118.177,4446
330,1800,700,850,A3118.187,4554
331,1900,700,850,A3118.197,4649
332,2000,700,850,A3118.207,4743
333,2100,700,850,A3118.217,4838
334,2200,700,850,A3118.227,4932
335,2300,700,850,A3118.237,5026
336,2400,700,850,A3118.247,5121
337,1000,600,850,A3111.106,3630
338,1100,600,850,A3111.116,3695
339,1200,600,850,A3111.126,3759
340,1300,600,850,A3111.136,3825
341,1400,600,850,A3111.146,3889
342,1500,600,850,A3111.156,3954
343,1600,600,850,A3111.166,4019
344,1700,600,850,A3111.176,4084
345,1800,600,850,A3111.186,4160
346,1900,600,850,A3111.196,4225
347,2000,600,850,A3111.206,4290
348,2100,600,850,A3111.216,4355
349,2200,600,850,A3111.226,4420
350,2300,600,850,A3111.236,4484
351,2400,600,850,A3111.246,4550
352,1000,700,850,A3111.107,3904
353,1100,700,850,A3111.117,3973
354,1200,700,850,A3111.127,4043
355,1300,700,850,A3111.137,4111
356,1400,700,850,A3111.147,4181
357,1500,700,850,A3111.157,4249
358,1600,700,850,A3111.167,4319
359,1700,700,850,A3111.177,4387
360,1800,700,850,A3111.187,4471
361,1900,700,850,A3111.197,4540
362,2000,700,850,A3111.207,4609
363,2100,700,850,A3111.217,4678
364,2200,700,850,A3111.227,4746
365,2300,700,850,A3111.237,4816
366,2400,700,850,A3111.247,4885
367,1000,600,850,A3119.106,3977
368,1100,600,850,A3119.116,4067
369,1200,600,850,A3119.126,4157
370,1300,600,850,A3119.136,4247
371,1400,600,850,A3119.146,4336
372,1500,600,850,A3119.156,4426
373,1600,600,850,A3119.166,4516
374,1700,600,850,A3119.176,4606
375,1800,600,850,A3119.186,4708
376,1900,600,850,A3119.196,4797
377,2000,600,850,A3119.206,4887
378,2100,600,850,A3119.216,4977
379,2200,600,850,A3119.226,5067
380,2300,600,850,A3119.236,5157
381,2400,600,850,A3119.246,5247
382,1000,700,850,A3119.107,4277
383,1100,700,850,A3119.117,4376
384,1200,700,850,A3119.127,4473
385,1300,700,850,A3119.137,4572
386,1400,700,850,A3119.147,4670
387,1500,700,850,A3119.157,4769
388,1600,700,850,A3119.167,4867
389,1700,700,850,A3119.177,4965
390,1800,700,850,A3119.187,5078
391,1900,700,850,A3119.197,5177
392,2000,700,850,A3119.207,5275
393,2100,700,850,A3119.217,5373
394,2200,700,850,A3119.227,5472
395,2300,700,850,A3119.237,5570
396,2400,700,850,A3119.247,5668
397,1000,600,850,A3112.106,3967
398,1100,600,850,A3112.116,4033
399,1200,600,850,A3112.126,4099
400,1300,600,850,A3112.136,4165
401,1400,600,850,A3112.146,4231
402,1500,600,850,A3112.156,4298
403,1600,600,850,A3112.166,4364
404,1700,600,850,A3112.176,4430
405,1800,600,850,A3112.186,4508
406,1900,600,850,A3112.196,4574
407,2000,600,850,A3112.206,4640
408,2100,600,850,A3112.216,4707
409,2200,600,850,A3112.226,4773
410,2300,600,850,A3112.236,4839
411,2400,600,850,A3112.246,4905
412,1000,700,850,A3112.107,4272
413,1100,700,850,A3112.117,4342
414,1200,700,850,A3112.127,4413
415,1300,700,850,A3112.137,4483
416,1400,700,850,A3112.147,4554
417,1500,700,850,A3112.157,4624
418,1600,700,850,A3112.167,4694
419,1700,700,850,A3112.177,4765
420,1800,700,850,A3112.187,4850
421,1900,700,850,A3112.197,4920
422,2000,700,850,A3112.207,4991
423,2100,700,850,A3112.217,5061
424,2200,700,850,A3112.227,5131
425,2300,700,850,A3112.237,5202
426,2400,700,850,A3112.247,5272
427,1000,600,850,A3120.106,4207
428,1100,600,850,A3120.116,4295
429,1200,600,850,A3120.126,4384
430,1300,600,850,A3120.136,4472
431,1400,600,850,A3120.146,4560
432,1500,600,850,A3120.156,4649
433,1600,600,850,A3120.166,4737
434,1700,600,850,A3120.176,4826
435,1800,600,850,A3120.186,4926
436,1900,600,850,A3120.196,5014
437,2000,600,850,A3120.206,5103
438,2100,600,850,A3120.216,5191
439,2200,600,850,A3120.226,5279
440,2300,600,850,A3120.236,5368
441,2400,600,850,A3120.246,5456
442,1000,700,850,A3120.107,4532
443,1100,700,850,A3120.117,4629
444,1200,700,850,A3120.127,4725
445,1300,700,850,A3120.137,4822
446,1400,700,850,A3120.147,4919
447,1500,700,850,A3120.157,5016
448,1600,700,850,A3120.167,5112
449,1700,700,850,A3120.177,5209
450,1800,700,850,A3120.187,5321
451,1900,700,850,A3120.197,5418
452,2000,700,850,A3120.207,5514
453,2100,700,850,A3120.217,5611
454,2200,700,850,A3120.227,5708
455,2300,700,850,A3120.237,5805
456,2400,700,850,A3120.247,5901
457,1000,600,850,A3133.106,2755
458,1100,600,850,A3133.116,2817
459,1200,600,850,A3133.126,2878
460,1300,600,850,A3133.136,2940
461,1400,600,850,A3133.146,3001
462,1500,600,850,A3133.156,3063
463,1600,600,850,A3133.166,3124
464,1700,600,850,A3133.176,3185
465,1800,600,850,A3133.186,3258
466,1900,600,850,A3133.196,3319
467,2000,600,850,A3133.206,3380
468,2100,600,850,A3133.216,3442
469,2200,600,850,A3133.226,3503
470,2300,600,850,A3133.236,3565
471,2400,600,850,A3133.246,3626
472,1000,700,850,A3133.107,2908
473,1100,700,850,A3133.117,2973
474,1200,700,850,A3133.127,3039
475,1300,700,850,A3133.137,3104
476,1400,700,850,A3133.147,3169
477,1500,700,850,A3133.157,3235
478,1600,700,850,A3133.167,3300
479,1700,700,850,A3133.177,3365
480,1800,700,850,A3133.187,3445
481,1900,700,850,A3133.197,3510
482,2000,700,850,A3133.207,3575
483,2100,700,850,A3133.217,3641
484,2200,700,850,A3133.227,3706
485,2300,700,850,A3133.237,3771
486,2400,700,850,A3133.247,3837
487,1000,600,850,A3134.106,3009
488,1100,600,850,A3134.116,3092
489,1200,600,850,A3134.126,3175
490,1300,600,850,A3134.136,3257
491,1400,600,850,A3134.146,3340
492,1500,600,850,A3134.156,3423
493,1600,600,850,A3134.166,3506
494,1700,600,850,A3134.176,3588
495,1800,600,850,A3134.186,3682
496,1900,600,850,A3134.196,3765
497,2000,600,850,A3134.206,3848
498,2100,600,850,A3134.216,3930
499,2200,600,850,A3134.226,4013
500,2300,600,850,A3134.236,4096
501,2400,600,850,A3134.246,4179
502,1000,700,850,A3134.107,3183
503,1100,700,850,A3134.117,3274
504,1200,700,850,A3134.127,3364
505,1300,700,850,A3134.137,3455
506,1400,700,850,A3134.147,3545
507,1500,700,850,A3134.157,3636
508,1600,700,850,A3134.167,3726
509,1700,700,850,A3134.177,3817
510,1800,700,850,A3134.187,3921
511,1900,700,850,A3134.197,4012
512,2000,700,850,A3134.207,4103
513,2100,700,850,A3134.217,4193
514,2200,700,850,A3134.227,4283
515,2300,700,850,A3134.237,4374
516,2400,700,850,A3134.247,4465
517,400,600,850,A3000.046,1892
518,500,600,850,A3000.056,2023
519,600,600,850,A3000.066,2154
520,700,600,850,A3000.076,2285
521,800,600,850,A3000.086,2416
522,900,600,850,A3000.096,2547
523,1000,600,850,A3000.106,2679
524,1100,600,850,A3000.116,2809
525,1200,600,850,A3000.126,2941
526,1300,600,850,A3000.136,3072
527,1400,600,850,A3000.146,3203
528,1500,600,850,A3000.156,3334
529,1600,600,850,A3000.166,3465
530,1700,600,850,A3000.176,3824
531,1800,600,850,A3000.186,3955
532,1900,600,850,A3000.196,4086
533,2000,600,850,A3000.206,4377
534,2100,600,850,A3000.216,4508
535,2200,600,850,A3000.226,4639
536,2300,600,850,A3000.236,4771
537,2400,600,850,A3000.246,4902
538,400,700,850,A3000.047,2018
539,500,700,850,A3000.057,2162
540,600,700,850,A3000.067,2306
541,700,700,850,A3000.077,2449
542,800,700,850,A3000.087,2593
543,900,700,850,A3000.097,2736
544,1000,700,850,A3000.107,2880
545,1100,700,850,A3000.117,3024
546,1200,700,850,A3000.127,3167
547,1300,700,850,A3000.137,3311
548,1400,700,850,A3000.147,3455
549,1500,700,850,A3000.157,3599
550,1600,700,850,A3000.167,3742
551,1700,700,850,A3000.177,4116
552,1800,700,850,A3000.187,4258
553,1900,700,850,A3000.197,4402
554,2000,700,850,A3000.207,4716
555,2100,700,850,A3000.217,4860
556,2200,700,850,A3000.227,5004
557,2300,700,850,A3000.237,5147
558,2400,700,850,A3000.247,5291
567,400,600,850,A3040.046,2216
568,500,600,850,A3040.056,2385
569,600,600,850,A3040.066,2553
570,700,600,850,A3040.076,2951
571,800,600,850,A3040.086,3120
572,900,600,850,A3040.096,3289
573,1000,600,850,A3040.106,3457
574,1100,600,850,A3040.116,3626
575,1200,600,850,A3040.126,3795
576,1300,600,850,A3040.136,3964
577,1400,600,850,A3040.146,4491
578,1500,600,850,A3040.156,4660
579,1600,600,850,A3040.166,4829
580,1700,600,850,A3040.176,4997
581,1800,600,850,A3040.186,5166
582,1900,600,850,A3040.196,5564
583,2000,600,850,A3040.206,5799
584,2100,600,850,A3040.216,5967
585,2200,600,850,A3040.226,6136
586,2300,600,850,A3040.236,6305
587,2400,600,850,A3040.246,6474
588,400,700,850,A3040.047,2338
589,500,700,850,A3040.057,2518
590,600,700,850,A3040.067,2699
591,700,700,850,A3040.077,3109
592,800,700,850,A3040.087,3289
593,900,700,850,A3040.097,3470
594,1000,700,850,A3040.107,3651
595,1100,700,850,A3040.117,3832
596,1200,700,850,A3040.127,4012
597,1300,700,850,A3040.137,4193
598,1400,700,850,A3040.147,4734
599,1500,700,850,A3040.157,4915
600,1600,700,850,A3040.167,5095
601,1700,700,850,A3040.177,5276
602,1800,700,850,A3040.187,5457
603,1900,700,850,A3040.197,5867
604,2000,700,850,A3040.207,6124
605,2100,700,850,A3040.217,6305
606,2200,700,850,A3040.227,6485
607,2300,700,850,A3040.237,6667
608,2400,700,850,A3040.247,6847
609,800,600,850,A3020.086,3090
610,900,600,850,A3020.096,3270
611,1000,600,850,A3020.106,3450
612,1100,600,850,A3020.116,3629
613,1200,600,850,A3020.126,3844
614,1300,600,850,A3020.136,4024
615,1400,600,850,A3020.146,4204
616,1500,600,850,A3020.156,4383
617,1600,600,850,A3020.166,4563
618,1700,600,850,A3020.176,4912
619,1800,600,850,A3020.186,5092
620,1900,600,850,A3020.196,5271
621,2000,600,850,A3020.206,5609
622,2100,600,850,A3020.216,5788
623,2200,600,850,A3020.226,5968
624,2300,600,850,A3020.236,6148
625,2400,600,850,A3020.246,6328
626,800,700,850,A3020.087,3265
627,900,700,850,A3020.097,3456
628,1000,700,850,A3020.107,3648
629,1100,700,850,A3020.117,3841
630,1200,700,850,A3020.127,4068
631,1300,700,850,A3020.137,4259
632,1400,700,850,A3020.147,4452
633,1500,700,850,A3020.157,4644
634,1600,700,850,A3020.167,4835
635,1700,700,850,A3020.177,5198
636,1800,700,850,A3020.187,5390
637,1900,700,850,A3020.197,5582
638,2000,700,850,A3020.207,5942
639,2100,700,850,A3020.217,6134
640,2200,700,850,A3020.227,6327
641,2300,700,850,A3020.237,6518
642,2400,700,850,A3020.247,6710
643,800,600,850,A3020.086-P,3782
644,900,600,850,A3020.096-P,3994
645,1000,600,850,A3020.106-P,4207
646,1100,600,850,A3020.116-P,4420
647,1200,600,850,A3020.126-P,4703
648,1300,600,850,A3020.136-P,4915
649,1400,600,850,A3020.146-P,5128
650,1500,600,850,A3020.156-P,5341
651,1600,600,850,A3020.166-P,5553
652,1700,600,850,A3020.176-P,5923
653,1800,600,850,A3020.186-P,6135
654,1900,600,850,A3020.196-P,6348
655,2000,600,850,A3020.206-P,6725
656,2100,600,850,A3020.216-P,6937
657,2200,600,850,A3020.226-P,7151
658,2300,600,850,A3020.236-P,7363
659,2400,600,850,A3020.246-P,7576
660,800,700,850,A3020.087-P,3955
661,900,700,850,A3020.097-P,4180
662,1000,700,850,A3020.107-P,4405
663,1100,700,850,A3020.117-P,4630
664,1200,700,850,A3020.127-P,4926
665,1300,700,850,A3020.137-P,5151
666,1400,700,850,A3020.147-P,5376
667,1500,700,850,A3020.157-P,5601
668,1600,700,850,A3020.167-P,5826
669,1700,700,850,A3020.177-P,6209
670,1800,700,850,A3020.187-P,6434
671,1900,700,850,A3020.197-P,6659
672,2000,700,850,A3020.207-P,7058
673,2100,700,850,A3020.217-P,7283
674,2200,700,850,A3020.227-P,7508
675,2300,700,850,A3020.237-P,7733
676,2400,700,850,A3020.247-P,7958
677,400,600,850,A3080.046/2,2658
678,500,600,850,A3080.056/2,2867
679,600,600,850,A3080.066/2,3077
680,400,700,850,A3080.047/2,2866
681,500,700,850,A3080.057/2,3092
682,600,700,850,A3080.067/2,3319
683,400,600,850,A3080.046/3,2963
684,500,600,850,A3080.056/3,3194
685,600,600,850,A3080.066/3,3425
686,400,700,850,A3080.047/3,3203
687,500,700,850,A3080.057/3,3455
688,600,700,850,A3080.067/3,3707
689,400,600,850,A3080.046/4,3214
690,500,600,850,A3080.056/4,3466
691,600,600,850,A3080.066/4,3718
692,400,700,850,A3080.047/4,3485
693,500,700,850,A3080.057/4,3761
694,600,700,850,A3080.067/4,4039
695,800,600,850,A3047.086,4257
696,900,600,850,A3047.096,4433
697,1000,600,850,A3047.106,4617
698,1100,600,850,A3047.116,5078
699,1200,600,850,A3047.126,5253
700,1300,600,850,A3047.136,5429
701,1400,600,850,A3047.146,5605
702,1500,600,850,A3047.156,5781
703,1600,600,850,A3047.166,5957
704,1700,600,850,A3047.176,6133
705,1800,600,850,A3047.186,6737
706,1900,600,850,A3047.196,6913
707,2000,600,850,A3047.206,7157
708,2100,600,850,A3047.216,7333
709,2200,600,850,A3047.226,7509
710,800,700,850,A3047.087,4571
711,900,700,850,A3047.097,4759
712,1000,700,850,A3047.107,4948
713,1100,700,850,A3047.117,5282
714,1200,700,850,A3047.127,5470
715,1300,700,850,A3047.137,5659
716,1400,700,850,A3047.147,5847
717,1500,700,850,A3047.157,6036
718,1600,700,850,A3047.167,6224
719,1700,700,850,A3047.177,6412
720,1800,700,850,A3047.187,6975
721,1900,700,850,A3047.197,7164
722,2000,700,850,A3047.207,7434
723,2100,700,850,A3047.217,7622
724,2200,700,850,A3047.227,7811
725,800,600,850,A3049.086,4557
726,900,600,850,A3049.096,4720
727,1000,600,850,A3049.106,4884
728,1100,600,850,A3049.116,5352
729,1200,600,850,A3049.126,5516
730,1300,600,850,A3049.136,5679
731,1400,600,850,A3049.146,5843
732,1500,600,850,A3049.156,6006
733,1600,600,850,A3049.166,6169
734,1700,600,850,A3049.176,6333
735,1800,600,850,A3049.186,6922
736,1900,600,850,A3049.196,7085
737,2000,600,850,A3049.206,7320
738,2100,600,850,A3049.216,7483
739,2200,600,850,A3049.226,7647
740,800,700,850,A3049.087,4918
741,900,700,850,A3049.097,5094
742,1000,700,850,A3049.107,5271
743,1100,700,850,A3049.117,5602
744,1200,700,850,A3049.127,5779
745,1300,700,850,A3049.137,5956
746,1400,700,850,A3049.147,6132
747,1500,700,850,A3049.157,6308
748,1600,700,850,A3049.167,6484
749,1700,700,850,A3049.177,6661
750,1800,700,850,A3049.187,7227
751,1900,700,850,A3049.197,7461
752,2000,700,850,A3049.207,7720
753,2100,700,850,A3049.217,7897
754,2200,700,850,A3049.227,8073
755,1200,600,850,A3027.126,5372
756,1300,600,850,A3027.136,5580
757,1400,600,850,A3027.146,5788
758,1500,600,850,A3027.156,5996
759,1600,600,850,A3027.166,6242
760,1700,600,850,A3027.176,6450
761,1800,600,850,A3027.186,6658
762,1900,600,850,A3027.196,6866
763,2000,600,850,A3027.206,7240
764,2100,600,850,A3027.216,7627
765,2200,600,850,A3027.226,7836
766,1200,700,850,A3027.127,5713
767,1300,700,850,A3027.137,5934
768,1400,700,850,A3027.147,6155
769,1500,700,850,A3027.157,6376
770,1600,700,850,A3027.167,6634
771,1700,700,850,A3027.177,6855
772,1800,700,850,A3027.187,7076
773,1900,700,850,A3027.197,7297
774,2000,700,850,A3027.207,7696
775,2100,700,850,A3027.217,8098
776,2200,700,850,A3027.227,8319
777,1200,600,850,A3029.126,5576
778,1300,600,850,A3029.136,5773
779,1400,600,850,A3029.146,5970
780,1500,600,850,A3029.156,6167
781,1600,600,850,A3029.166,6399
782,1700,600,850,A3029.176,6596
783,1800,600,850,A3029.186,6793
784,1900,600,850,A3029.196,6989
785,2000,600,850,A3029.206,7344
786,2100,600,850,A3029.216,7710
787,2200,600,850,A3029.226,7907
788,1200,700,850,A3029.127,5985
789,1300,700,850,A3029.137,6194
790,1400,700,850,A3029.147,6403
791,1500,700,850,A3029.157,6612
792,1600,700,850,A3029.167,6857
793,1700,700,850,A3029.177,7066
794,1800,700,850,A3029.187,7275
795,1900,700,850,A3029.197,7484
796,2000,700,850,A3029.207,7862
797,2100,700,850,A3029.217,8241
798,2200,700,850,A3029.227,8451
799,400,600,850,A3080/1.046,2560
800,500,600,850,A3080/1.056,2727
801,600,600,850,A3080/1.066,2894
802,400,700,850,A3080/1.047,2680
803,500,700,850,A3080/1.057,2863
804,600,700,850,A3080/1.067,3045
805,400,600,850,A3086.046,2368
806,500,600,850,A3086.056,2567
807,600,600,850,A3086.066,2765
808,400,700,850,A3086.047,2471
809,500,700,850,A3086.057,2677
810,600,700,850,A3086.067,2883
811,400,600,850,A3087.046,2794
812,500,600,850,A3087.056,3008
813,600,600,850,A3087.066,3222
814,400,700,850,A3087.047,3003
815,500,700,850,A3087.057,3231
816,600,700,850,A3087.067,3460
817,800,500,1800,A3088.085/1,5680
818,900,500,1800,A3088.095/1,6011
819,1000,500,1800,A3088.105/1,6343
820,1100,500,1800,A3088.115/1,6675
821,1200,500,1800,A3088.125/1,7094
822,1300,500,1800,A3088.135/1,7693
823,1400,500,1800,A3088.145/1,8025
824,1500,500,1800,A3088.155/1,8357
825,800,600,1800,A3088.086/1,5970
826,900,600,1800,A3088.096/1,6320
827,1000,600,1800,A3088.106/1,6671
828,1100,600,1800,A3088.116/1,7022
829,1200,600,1800,A3088.126/1,7461
830,1300,600,1800,A3088.136/1,8082
831,1400,600,1800,A3088.146/1,8433
832,1500,600,1800,A3088.156/1,8784
833,800,700,1800,A3088.087/1,6259
834,900,700,1800,A3088.097/1,6630
835,1000,700,1800,A3088.107/1,7000
836,1100,700,1800,A3088.117/1,7370
837,1200,700,1800,A3088.127/1,7828
838,1300,700,1800,A3088.137/1,8471
839,1400,700,1800,A3088.147/1,8841
840,1500,700,1800,A3088.157/1,9211
841,800,500,2000,A3088.085/2,5939
842,900,500,2000,A3088.095/2,6290
843,1000,500,2000,A3088.105/2,6641
844,1100,500,2000,A3088.115/2,6992
845,1200,500,2000,A3088.125/2,7443
846,1300,500,2000,A3088.135/2,8079
847,1400,500,2000,A3088.145/2,8430
848,1500,500,2000,A3088.155/2,8781
849,800,600,2000,A3088.086/2,6242
850,900,600,2000,A3088.096/2,6612
851,1000,600,2000,A3088.106/2,6982
852,1100,600,2000,A3088.116/2,7352
853,1200,600,2000,A3088.126/2,7823
854,1300,600,2000,A3088.136/2,8481
855,1400,600,2000,A3088.146/2,8851
856,1500,600,2000,A3088.156/2,9221
857,800,700,2000,A3088.087/2,6545
858,900,700,2000,A3088.097/2,6934
859,1000,700,2000,A3088.107/2,7323
860,1100,700,2000,A3088.117/2,7713
861,1200,700,2000,A3088.127/2,8203
862,1300,700,2000,A3088.137/2,8882
863,1400,700,2000,A3088.147/2,9272
864,1500,700,2000,A3088.157/2,9661
865,800,600,1800,A3089.086/1,7034
866,900,600,1800,A3089.096/1,7438
867,1000,600,1800,A3089.106/1,7841
868,1100,600,1800,A3089.116/1,8245
869,1200,600,1800,A3089.126/1,8818
870,1300,600,1800,A3089.136/1,9455
871,1400,600,1800,A3089.146/1,9858
872,1500,600,1800,A3089.156/1,10262
873,800,700,1800,A3089.087/1,7317
874,900,700,1800,A3089.097/1,7739
875,1000,700,1800,A3089.107/1,8162
876,1100,700,1800,A3089.117/1,8583
877,1200,700,1800,A3089.127/1,9176
878,1300,700,1800,A3089.137/1,9834
879,1400,700,1800,A3089.147/1,10256
880,1500,700,1800,A3089.157/1,10678
881,800,600,2000,A3089.086/2,7367
882,900,600,2000,A3089.096/2,7794
883,1000,600,2000,A3089.106/2,8222
884,1100,600,2000,A3089.116/2,8650
885,1200,600,2000,A3089.126/2,9274
886,1300,600,2000,A3089.136/2,9949
887,1400,600,2000,A3089.146/2,10377
888,1500,600,2000,A3089.156/2,10805
889,800,700,2000,A3089.087/2,7660
890,900,700,2000,A3089.097/2,8108
891,1000,700,2000,A3089.107/2,8555
892,1100,700,2000,A3089.117/2,9002
893,1200,700,2000,A3089.127/2,9644
894,1300,700,2000,A3089.137/2,10340
895,1400,700,2000,A3089.147/2,10787
896,1500,700,2000,A3089.157/2,11234
897,400,500,1800,A3090.045/1,3428
898,500,500,1800,A3090.055/1,3720
899,600,500,1800,A3090.065/1,4011
900,400,600,1800,A3090.046/1,3630
901,500,600,1800,A3090.056/1,3940
902,600,600,1800,A3090.066/1,4251
903,400,700,1800,A3090.047/1,3833
904,500,700,1800,A3090.057/1,4161
905,600,700,1800,A3090.067/1,4490
906,400,500,2000,A3090.045/2,3614
907,500,500,2000,A3090.055/2,3924
908,600,500,2000,A3090.065/2,4234
909,400,600,2000,A3090.046/2,3828
910,500,600,2000,A3090.056/2,4157
911,600,600,2000,A3090.066/2,4486
912,400,700,2000,A3090.047/2,4043
913,500,700,2000,A3090.057/2,4390
914,600,700,2000,A3090.067/2,4737
915,700,500,1800,A3092.075/1,4942
916,800,500,1800,A3092.085/1,5242
917,900,500,1800,A3092.095/1,5541
918,1000,500,1800,A3092.105/1,5841
919,1100,500,1800,A3092.115/1,6140
920,1200,500,1800,A3092.125/1,6440
921,700,600,1800,A3092.075/1,5206
922,800,600,1800,A3092.085/1,5525
923,900,600,1800,A3092.095/1,5843
924,1000,600,1800,A3092.105/1,6162
925,1100,600,1800,A3092.115/1,6480
926,1200,600,1800,A3092.125/1,6798
927,700,700,1800,A3092.075/1,5471
928,800,700,1800,A3092.085/1,5808
929,900,700,1800,A3092.095/1,6145
930,1000,700,1800,A3092.105/1,6482
931,1100,700,1800,A3092.115/1,6820
932,1200,700,1800,A3092.125/1,7157
933,700,500,2000,A3092.075/2,5204
934,800,500,2000,A3092.085/2,5522
935,900,500,2000,A3092.095/2,5841
936,1000,500,2000,A3092.105/2,6159
937,1100,500,2000,A3092.115/2,6477
938,1200,500,2000,A3092.125/2,6796
939,700,600,2000,A3092.075/2,5481
940,800,600,2000,A3092.085/2,5818
941,900,600,2000,A3092.095/2,6155
942,1000,600,2000,A3092.105/2,6492
943,1100,600,2000,A3092.115/2,6829
944,1200,600,2000,A3092.125/2,7167
945,700,700,2000,A3092.075/2,5758
946,800,700,2000,A3092.085/2,6114
947,900,700,2000,A3092.095/2,6470
948,1000,700,2000,A3092.105/2,6826
949,1100,700,2000,A3092.115/2,7182
950,1200,700,2000,A3092.125/2,7538
951,400,500,1800,A3094.045/1,3183
952,500,500,1800,A3094.055/1,3424
953,600,500,1800,A3094.065/1,3665
954,400,600,1800,A3094.046/1,3359
955,500,600,1800,A3094.056/1,3610
956,600,600,1800,A3094.066/1,3862
957,400,700,1800,A3094.047/1,3534
958,500,700,1800,A3094.057/1,3797
959,600,700,1800,A3094.067/1,4060
960,400,500,2000,A3094.045/2,3377
961,500,500,2000,A3094.055/2,3637
962,600,500,2000,A3094.065/2,3897
963,400,600,2000,A3094.046/2,3565
964,500,600,2000,A3094.056/2,3836
965,600,600,2000,A3094.066/2,4107
966,400,700,2000,A3094.047/2,3753
967,500,700,2000,A3094.057/2,4036
968,600,700,2000,A3094.067/2,4318
991,400,400,350,3184.044,579
992,500,400,350,3184.054,605
993,600,400,350,3184.064,630
994,700,400,350,3184.074,656
995,800,400,350,3184.084,681
996,900,400,350,3184.094,707
997,1000,400,350,3184.104,733
998,1100,400,350,3184.114,759
999,1200,400,350,3184.124,784
1000,1300,400,350,3184.134,810
1001,1400,400,350,3184.144,835
1002,1500,400,350,3184.154,861
1003,1600,400,350,3184.164,887
1004,1700,400,350,3184.174,913
1005,1800,400,350,3184.184,938
1006,1900,400,350,3184.194,964
1007,2000,400,350,3184.204,989
1008,2100,400,350,3184.214,1151
1009,2200,400,350,3184.224,1177
1010,2300,400,350,3184.234,1203
1011,2400,400,350,3184.244,1228
1012,2500,400,350,3184.254,1254
1013,400,300,700,3185.043,871
1014,500,300,700,3185.053,911
1015,600,300,700,3185.063,951
1016,700,300,700,3185.073,992
1017,800,300,700,3185.083,1032
1018,900,300,700,3185.093,1073
1019,1000,300,700,3185.103,1113
1020,1100,300,700,3185.113,1153
1021,1200,300,700,3185.123,1194
1022,1300,300,700,3185.133,1234
1023,1400,300,700,3185.143,1275
1024,1500,300,700,3185.153,1315
1025,1600,300,700,3185.163,1355
1026,1700,300,700,3185.173,1396
1027,1800,300,700,3185.183,1436
1028,1900,300,700,3185.193,1477
1029,2000,300,700,3185.203,1517
1030,2100,300,700,3185.213,1720
1031,2200,300,700,3185.223,1761
1032,2300,300,700,3185.233,1801
1033,2400,300,700,3185.243,1842
1034,2500,300,700,3185.253,1882
1035,400,400,700,3185.044,922
1036,500,400,700,3185.054,973
1037,600,400,700,3185.064,1024
1038,700,400,700,3185.074,1075
1039,800,400,700,3185.084,1126
1040,900,400,700,3185.094,1177
1041,1000,400,700,3185.104,1228
1042,1100,400,700,3185.114,1279
1043,1200,400,700,3185.124,1330
1044,1300,400,700,3185.134,1381
1045,1400,400,700,3185.144,1433
1046,1500,400,700,3185.154,1483
1047,1600,400,700,3185.164,1535
1048,1700,400,700,3185.174,1585
1049,1800,400,700,3185.184,1637
1050,1900,400,700,3185.194,1688
1051,2000,400,700,3185.204,1739
1052,2100,400,700,3185.214,1953
1053,2200,400,700,3185.224,2004
1054,2300,400,700,3185.234,2055
1055,2400,400,700,3185.244,2106
1056,2500,400,700,3185.254,2157
1771,700,720,850,A3561-Z.077,2423
1772,800,720,850,A3561-Z.087,2508
1773,900,720,850,A3561-Z.097,2592
1774,1000,720,850,A3561-Z.107,2677
1775,1100,720,850,A3561-Z.117,2762
1776,1200,720,850,A3561-Z.127,2847
1777,1300,720,850,A3561-Z.137,2932
1778,1400,720,850,A3561-Z.147,3017
1779,1500,720,850,A3561-Z.157,3102
1780,700,720,850,A3571-Z.077,1571
1781,800,720,850,A3571-Z.087,1658
1782,900,720,850,A3571-Z.097,1746
1783,1000,720,850,A3571-Z.107,1834
1784,1100,720,850,A3571-Z.117,1921
1785,1200,720,850,A3571-Z.127,2008
1786,1300,720,850,A3571-Z.137,2096
1787,1400,720,850,A3571-Z.147,2184
1788,1500,720,850,A3571-Z.157,2271
2149,600,300,700,A3195.063,2445
2150,700,300,700,A3195.073,2543
2151,800,300,700,A3195.083,2784
2152,900,300,700,A3195.093,2883
2153,1000,300,700,A3195.103,3231
2154,1100,300,700,A3195.113,3330
2155,1200,300,700,A3195.123,3427
2156,1300,300,700,A3195.133,3668
2157,1400,300,700,A3195.143,3873
2158,1500,300,700,A3195.153,4171
2159,1600,300,700,A3195.163,4270
2160,1700,300,700,A3195.173,4367
2161,1800,300,700,A3195.183,4773
2162,1900,300,700,A3195.193,4870
2163,2000,300,700,A3195.203,5170
2164,2100,300,700,A3195.213,5428
2165,2200,300,700,A3195.223,5633
2166,600,400,700,A3195.064,2783
2167,700,400,700,A3195.074,2903
2168,800,400,700,A3195.084,3165
2169,900,400,700,A3195.094,3284
2170,1000,400,700,A3195.104,3653
2171,1100,400,700,A3195.114,3773
2172,1200,400,700,A3195.124,3891
2173,1300,400,700,A3195.134,4153
2174,1400,400,700,A3195.144,4379
2175,1500,400,700,A3195.154,4698
2176,1600,400,700,A3195.164,4818
2177,1700,400,700,A3195.174,4935
2178,1800,400,700,A3195.184,5363
2179,1900,400,700,A3195.194,5481
2180,2000,400,700,A3195.204,5802
2181,2100,400,700,A3195.214,6080
2182,2200,400,700,A3195.224,6306
2231,600,600,400,A3145.066.4,784
2232,600,600,500,A3145.066.5,852
2233,840,570,850,A3141,1661
2234,840,570,850,A3142,1936
2235,850,640,850,A3144,2688
2236,380,380,575,6010.001,992
2237,700,500,950,A6003.075,1448
2238,800,500,950,A6003.085,1524
2239,900,500,950,A6003.095,1600
2240,1000,500,950,A6003.105,1676
2241,1100,500,950,A6003.115,1752
2242,700,600,950,A6003.076,1503
2243,800,600,950,A6003.086,1585
2244,900,600,950,A6003.096,1668
2245,1000,600,950,A6003.106,1751
2246,1100,600,950,A6003.116,1833
2247,800,500,950,A6001.085/2,1387
2248,900,500,950,A6001.095/2,1433
2249,1000,500,950,A6001.105/2,1480
2250,800,600,950,A6001.086/2,1463
2251,900,600,950,A6001.096/2,1518
2252,1000,600,950,A6001.106/2,1573
2253,800,500,950,A6001.085/3,1680
2254,900,500,950,A6001.095/3,1750
2255,1000,500,950,A6001.105/3,1820
2256,800,600,950,A6001.086/3,1792
2257,900,600,950,A6001.096/3,1874
2258,1000,600,950,A6001.106/3,1956
2259,800,500,850,A6001.085/2-B,1371
2260,900,500,850,A6001.095/2-B,1417
2261,1000,500,850,A6001.105/2-B,1464
2262,800,600,850,A6001.086/2-B,1444
2263,900,600,850,A6001.096/2-B,1499
2264,1000,600,850,A6001.106/2-B,1554
2265,800,500,850,A6001.085/3-B,1664
2266,900,500,850,A6001.095/3-B,1734
2267,1000,500,850,A6001.105/3-B,1804
2268,800,600,850,A6001.086/3-B,1773
2269,900,600,850,A6001.096/3-B,1855
2270,1000,600,850,A6001.106/3-B,1937
2271,380,560,1800,A7072.046,2035
2272,735,560,1800,A7072.086,3111
2273,460,635,1800,A7074.056/10,2164
2274,500,400,1800,A7058.054/1,1466
2275,600,400,1800,A7058.064/1,1552
2276,700,400,1800,A7058.074/1,1639
2277,800,400,1800,A7058.084/1,1726
2278,900,400,1800,A7058.094/1,1813
2279,1000,400,1800,A7058.104/1,1901
2280,1100,400,1800,A7058.114/1,1990
2281,1200,400,1800,A7058.124/1,2078
2282,1300,400,1800,A7058.134/1,2166
2283,1400,400,1800,A7058.144/1,2255
2284,1500,400,1800,A7058.154/1,2343
2285,500,500,1800,A7058.055/1,1577
2286,600,500,1800,A7058.065/1,1681
2287,700,500,1800,A7058.075/1,1786
2288,800,500,1800,A7058.085/1,1891
2289,900,500,1800,A7058.095/1,1996
2290,1000,500,1800,A7058.105/1,2101
2291,1100,500,1800,A7058.115/1,2207
2292,1200,500,1800,A7058.125/1,2313
2293,1300,500,1800,A7058.135/1,2419
2294,1400,500,1800,A7058.145/1,2526
2295,1500,500,1800,A7058.155/1,2632
2296,500,600,1800,A7058.056/1,1688
2297,600,600,1800,A7058.066/1,1810
2298,700,600,1800,A7058.076/1,1932
2299,800,600,1800,A7058.086/1,2055
2300,900,600,1800,A7058.096/1,2178
2301,1000,600,1800,A7058.106/1,2301
2302,1100,600,1800,A7058.116/1,2425
2303,1200,600,1800,A7058.126/1,2549
2304,1300,600,1800,A7058.136/1,2673
2305,1400,600,1800,A7058.146/1,2796
2306,1500,600,1800,A7058.156/1,2921
2307,500,700,1800,A7058.057/1,1799
2308,600,700,1800,A7058.067/1,1939
2309,700,700,1800,A7058.077/1,2079
2310,800,700,1800,A7058.087/1,2219
2311,900,700,1800,A7058.097/1,2360
2312,1000,700,1800,A7058.107/1,2501
2313,1100,700,1800,A7058.117/1,2642
2314,1200,700,1800,A7058.127/1,2784
2315,500,400,2000,A7058.054/2,1549
2316,600,400,2000,A7058.064/2,1636
2317,700,400,2000,A7058.074/2,1723
2318,800,400,2000,A7058.084/2,1810
2319,900,400,2000,A7058.094/2,1897
2320,1000,400,2000,A7058.104/2,1985
2321,1100,400,2000,A7058.114/2,2073
2322,1200,400,2000,A7058.124/2,2162
2323,1300,400,2000,A7058.134/2,2250
2324,1400,400,2000,A7058.144/2,2338
2325,1500,400,2000,A7058.154/2,2427
2326,500,500,2000,A7058.055/2,1660
2327,600,500,2000,A7058.065/2,1765
2328,700,500,2000,A7058.075/2,1869
2329,800,500,2000,A7058.085/2,1974
2330,900,500,2000,A7058.095/2,2080
2331,1000,500,2000,A7058.105/2,2185
2332,1100,500,2000,A7058.115/2,2291
2333,1200,500,2000,A7058.125/2,2397
2334,1300,500,2000,A7058.135/2,2503
2335,1400,500,2000,A7058.145/2,2610
2336,1500,500,2000,A7058.155/2,2716
2337,500,600,2000,A7058.056/2,1772
2338,600,600,2000,A7058.066/2,1894
2339,700,600,2000,A7058.076/2,2016
2340,800,600,2000,A7058.086/2,2139
2341,900,600,2000,A7058.096/2,2261
2342,1000,600,2000,A7058.106/2,2385
2343,1100,600,2000,A7058.116/2,2509
2344,1200,600,2000,A7058.126/2,2632
2345,1300,600,2000,A7058.136/2,2756
2346,1400,600,2000,A7058.146/2,2880
2347,1500,600,2000,A7058.156/2,3004
2348,500,700,2000,A7058.057/2,1883
2349,600,700,2000,A7058.067/2,2022
2350,700,700,2000,A7058.077/2,2163
2351,800,700,2000,A7058.087/2,2303
2352,900,700,2000,A7058.097/2,2444
2353,1000,700,2000,A7058.107/2,2585
2354,1100,700,2000,A7058.117/2,2726
2355,1200,700,2000,A7058.127/2,2868
2356,500,400,1800,A7058.054/1-P,1562
2357,600,400,1800,A7058.064/1-P,1649
2358,700,400,1800,A7058.074/1-P,1736
2359,800,400,1800,A7058.084/1-P,1823
2360,900,400,1800,A7058.094/1-P,1910
2361,1000,400,1800,A7058.104/1-P,1998
2362,1100,400,1800,A7058.114/1-P,2087
2363,1200,400,1800,A7058.124/1-P,2175
2364,1300,400,1800,A7058.134/1-P,2263
2365,1400,400,1800,A7058.144/1-P,2352
2366,1500,400,1800,A7058.154/1-P,2440
2367,500,500,1800,A7058.055/1-P,1673
2368,600,500,1800,A7058.065/1-P,1778
2369,700,500,1800,A7058.075/1-P,1882
2370,800,500,1800,A7058.085/1-P,1988
2371,900,500,1800,A7058.095/1-P,2093
2372,1000,500,1800,A7058.105/1-P,2198
2373,1100,500,1800,A7058.115/1-P,2304
2374,1200,500,1800,A7058.125/1-P,2410
2375,1300,500,1800,A7058.135/1-P,2516
2376,1400,500,1800,A7058.145/1-P,2623
2377,1500,500,1800,A7058.155/1-P,2729
2378,500,600,1800,A7058.056/1-P,1785
2379,600,600,1800,A7058.066/1-P,1907
2380,700,600,1800,A7058.076/1-P,2029
2381,800,600,1800,A7058.086/1-P,2152
2382,900,600,1800,A7058.096/1-P,2275
2383,1000,600,1800,A7058.106/1-P,2398
2384,1100,600,1800,A7058.116/1-P,2522
2385,1200,600,1800,A7058.126/1-P,2646
2386,1300,600,1800,A7058.136/1-P,2769
2387,1400,600,1800,A7058.146/1-P,2893
2388,1500,600,1800,A7058.156/1-P,3017
2389,500,700,1800,A7058.057/1-P,1896
2390,600,700,1800,A7058.067/1-P,2035
2391,700,700,1800,A7058.077/1-P,2176
2392,800,700,1800,A7058.087/1-P,2316
2393,900,700,1800,A7058.097/1-P,2457
2394,1000,700,1800,A7058.107/1-P,2598
2395,1100,700,1800,A7058.117/1-P,2739
2396,1200,700,1800,A7058.127/1-P,2881
2397,500,400,2000,A7058.054/2-P,1621
2398,600,400,2000,A7058.064/2-P,1707
2399,700,400,2000,A7058.074/2-P,1792
2400,800,400,2000,A7058.084/2-P,1878
2401,900,400,2000,A7058.094/2-P,1964
2402,1000,400,2000,A7058.104/2-P,2051
2403,1100,400,2000,A7058.114/2-P,2138
2404,1200,400,2000,A7058.124/2-P,2225
2405,1300,400,2000,A7058.134/2-P,2312
2406,1400,400,2000,A7058.144/2-P,2399
2407,1500,400,2000,A7058.154/2-P,2486
2408,500,500,2000,A7058.055/2-P,1731
2409,600,500,2000,A7058.065/2-P,1833
2410,700,500,2000,A7058.075/2-P,1936
2411,800,500,2000,A7058.085/2-P,2040
2412,900,500,2000,A7058.095/2-P,2144
2413,1000,500,2000,A7058.105/2-P,2248
2414,1100,500,2000,A7058.115/2-P,2352
2415,1200,500,2000,A7058.125/2-P,2456
2416,1300,500,2000,A7058.135/2-P,2561
2417,1400,500,2000,A7058.145/2-P,2666
2418,1500,500,2000,A7058.155/2-P,2771
2419,500,600,2000,A7058.056/2-P,1840
2420,600,600,2000,A7058.066/2-P,1961
2421,700,600,2000,A7058.076/2-P,2081
2422,800,600,2000,A7058.086/2-P,2202
2423,900,600,2000,A7058.096/2-P,2323
2424,1000,600,2000,A7058.106/2-P,2444
2425,1100,600,2000,A7058.116/2-P,2566
2426,1200,600,2000,A7058.126/2-P,2688
2427,1300,600,2000,A7058.136/2-P,2810
2428,1400,600,2000,A7058.146/2-P,2932
2429,1500,600,2000,A7058.156/2-P,3054
2430,500,700,2000,A7058.057/2-P,1950
2431,600,700,2000,A7058.067/2-P,2087
2432,700,700,2000,A7058.077/2-P,2225
2433,800,700,2000,A7058.087/2-P,2363
2434,900,700,2000,A7058.097/2-P,2502
2435,1000,700,2000,A7058.107/2-P,2641
2436,1100,700,2000,A7058.117/2-P,2780
2437,1200,700,2000,A7058.127/2-P,2920
2438,500,400,1800,A7058.054/1-G,2008
2439,600,400,1800,A7058.064/1-G,2116
2440,700,400,1800,A7058.074/1-G,2225
2441,800,400,1800,A7058.084/1-G,2333
2442,900,400,1800,A7058.094/1-G,2442
2443,1000,400,1800,A7058.104/1-G,2550
2444,1100,400,1800,A7058.114/1-G,2660
2445,1200,400,1800,A7058.124/1-G,2770
2446,1300,400,1800,A7058.134/1-G,2879
2447,1400,400,1800,A7058.144/1-G,2989
2448,1500,400,1800,A7058.154/1-G,3099
2449,500,500,1800,A7058.055/1-G,2100
2450,600,500,1800,A7058.065/1-G,2221
2451,700,500,1800,A7058.075/1-G,2343
2452,800,500,1800,A7058.085/1-G,2465
2453,900,500,1800,A7058.095/1-G,2587
2454,1000,500,1800,A7058.105/1-G,2710
2455,1100,500,1800,A7058.115/1-G,2833
2456,1200,500,1800,A7058.125/1-G,2956
2457,1300,500,1800,A7058.135/1-G,3079
2458,1400,500,1800,A7058.145/1-G,3202
2459,1500,500,1800,A7058.155/1-G,3326
2460,500,600,1800,A7058.056/1-G,2193
2461,600,600,1800,A7058.066/1-G,2327
2462,700,600,1800,A7058.076/1-G,2462
2463,800,600,1800,A7058.086/1-G,2598
2464,900,600,1800,A7058.096/1-G,2733
2465,1000,600,1800,A7058.106/1-G,2869
2466,1100,600,1800,A7058.116/1-G,3005
2467,1200,600,1800,A7058.126/1-G,3142
2468,1300,600,1800,A7058.136/1-G,3278
2469,1400,600,1800,A7058.146/1-G,3414
2470,1500,600,1800,A7058.156/1-G,3552
2471,500,700,1800,A7058.057/1-G,2284
2472,600,700,1800,A7058.067/1-G,2433
2473,700,700,1800,A7058.077/1-G,2582
2474,800,700,1800,A7058.087/1-G,2730
2475,900,700,1800,A7058.097/1-G,2879
2476,1000,700,1800,A7058.107/1-G,3028
2477,1100,700,1800,A7058.117/1-G,3178
2478,1200,700,1800,A7058.127/1-G,3327
2479,500,400,2000,A7058.054/2-G,1999
2480,600,400,2000,A7058.064/2-G,2104
2481,700,400,2000,A7058.074/2-G,2210
2482,800,400,2000,A7058.084/2-G,2316
2483,900,400,2000,A7058.094/2-G,2422
2484,1000,400,2000,A7058.104/2-G,2529
2485,1100,400,2000,A7058.114/2-G,2636
2486,1200,400,2000,A7058.124/2-G,2743
2487,1300,400,2000,A7058.134/2-G,2850
2488,1400,400,2000,A7058.144/2-G,2958
2489,1500,400,2000,A7058.154/2-G,3066
2490,500,500,2000,A7058.055/2-G,2089
2491,600,500,2000,A7058.065/2-G,2207
2492,700,500,2000,A7058.075/2-G,2326
2493,800,500,2000,A7058.085/2-G,2445
2494,900,500,2000,A7058.095/2-G,2565
2495,1000,500,2000,A7058.105/2-G,2685
2496,1100,500,2000,A7058.115/2-G,2805
2497,1200,500,2000,A7058.125/2-G,2925
2498,1300,500,2000,A7058.135/2-G,3046
2499,1400,500,2000,A7058.145/2-G,3166
2500,1500,500,2000,A7058.155/2-G,3287
2501,500,600,2000,A7058.056/2-G,2179
2502,600,600,2000,A7058.066/2-G,2311
2503,700,600,2000,A7058.076/2-G,2443
2504,800,600,2000,A7058.086/2-G,2575
2505,900,600,2000,A7058.096/2-G,2707
2506,1000,600,2000,A7058.106/2-G,2840
2507,1100,600,2000,A7058.116/2-G,2974
2508,1200,600,2000,A7058.126/2-G,3107
2509,1300,600,2000,A7058.136/2-G,3240
2510,1400,600,2000,A7058.146/2-G,3374
2511,1500,600,2000,A7058.156/2-G,3508
2512,500,700,2000,A7058.057/2-G,2269
2513,600,700,2000,A7058.067/2-G,2414
2514,700,700,2000,A7058.077/2-G,2559
2515,800,700,2000,A7058.087/2-G,2704
2516,900,700,2000,A7058.097/2-G,2850
2517,1000,700,2000,A7058.107/2-G,2996
2518,1100,700,2000,A7058.117/2-G,3142
2519,1200,700,2000,A7058.127/2-G,3289
2520,500,400,40,A P7058.054,193
2521,600,400,40,A P7058.064,212
2522,700,400,40,A P7058.074,232
2523,800,400,40,A P7058.084,252
2524,900,400,40,A P7058.094,271
2525,1000,400,40,A P7058.104,290
2526,1100,400,40,A P7058.114,310
2527,1200,400,40,A P7058.124,329
2528,1300,400,40,A P7058.134,349
2529,1400,400,40,A P7058.144,368
2530,1500,400,40,A P7058.154,388
2531,500,500,40,A P7058.055,215
2532,600,500,40,A P7058.065,238
2533,700,500,40,A P7058.075,262
2534,800,500,40,A P7058.085,285
2535,900,500,40,A P7058.095,309
2536,1000,500,40,A P7058.105,332
2537,1100,500,40, A P7058.115,356
2538,1200,500,40,A P7058.125,380
2539,1300,500,40,A P7058.135,403
2540,1400,500,40,A P7058.145,427
2541,1500,500,40,A P7058.155,450
2542,500,600,40,A P7058.056,236
2543,600,600,40,A P7058.066,264
2544,700,600,40,A P7058.076,291
2545,800,600,40,A P7058.086,319
2546,900,600,40,A P7058.096,347
2547,1000,600,40,A P7058.106,375
2548,1100,600,40,A P7058.116,402
2549,1200,600,40,A P7058.126,430
2550,1300,600,40,A P7058.136,458
2551,1400,600,40,A P7058.146,486
2552,1500,600,40,A P7058.156,513
2553,500,700,40,A P7058.057,258
2554,600,700,40,A P7058.067,290
2555,700,700,40,A P7058.077,322
2556,800,700,40,A P7058.087,354
2557,900,700,40,A P7058.097,385
2558,1000,700,40,A P7058.107,417
2559,1100,700,40,A P7058.117,449
2560,1200,700,40,A P7058.127,481
2561,500,400,40,A P7058.054-P,215
2562,600,400,40,A P7058.064-P,234
2563,700,400,40,A P7058.074-P,254
2564,800,400,40,A P7058.084-P,274
2565,900,400,40,A P7058.094-P,293
2566,1000,400,40,A P7058.104-P,313
2567,1100,400,40,A P7058.114-P,332
2568,1200,400,40,A P7058.124-P,352
2569,1300,400,40,A P7058.134-P,371
2570,1400,400,40,A P7058.144-P,391
2571,1500,400,40,A P7058.154-P,410
2572,500,500,40,A P7058.055-P,237
2573,600,500,40,A P7058.065-P,261
2574,700,500,40,A P7058.075-P,284
2575,800,500,40,A P7058.085-P,308
2576,900,500,40,A P7058.095-P,331
2577,1000,500,40,A P7058.105-P,355
2578,1100,500,40,A P7058.115-P,378
2579,1200,500,40,A P7058.125-P,402
2580,1300,500,40,A P7058.135-P,426
2581,1400,500,40,A P7058.145-P,449
2582,1500,500,40,A P7058.155-P,473
2583,500,600,40,A P7058.056-P,259
2584,600,600,40,A P7058.066-P,286
2585,700,600,40,A P7058.076-P,314
2586,800,600,40,A P7058.086-P,342
2587,900,600,40,A P7058.096-P,369
2588,1000,600,40,A P7058.106-P,397
2589,1100,600,40,A P7058.116-P,425
2590,1200,600,40,A P7058.126-P,452
2591,1300,600,40,A P7058.136-P,480
2592,1400,600,40,A P7058.146-P,508
2593,1500,600,40,A P7058.156-P,536
2594,500,700,40,A P7058.057-P,281
2595,600,700,40,A P7058.067-P,312
2596,700,700,40,A P7058.077-P,344
2597,800,700,40,A P7058.087-P,376
2598,900,700,40,A P7058.097-P,408
2599,1000,700,40,A P7058.107-P,439
2600,1100,700,40,A P7058.117-P,471
2601,1200,700,40,A P7058.127-P,503
2602,500,400,40,A P7058.054-G,305
2603,600,400,40,A P7058.064-G,329
2604,700,400,40,A P7058.074-G,353
2605,800,400,40,A P7058.084-G,377
2606,900,400,40,A P7058.094-G,401
2607,1000,400,40,A P7058.104-G,425
2608,1100,400,40,A P7058.114-G,449
2609,1200,400,40,A P7058.124-G,473
2610,1300,400,40,A P7058.134-G,497
2611,1400,400,40,A P7058.144-G,521
2612,1500,400,40,A P7058.154-G,546
2613,500,500,40,A P7058.055-G,322
2614,600,500,40,A P7058.065-G,349
2615,700,500,40,A P7058.075-G,376
2616,800,500,40,A P7058.085-G,404
2617,900,500,40,A P7058.095-G,430
2618,1000,500,40,A P7058.105-G,457
2619,1100,500,40,A P7058.115-G,485
2620,1200,500,40,A P7058.125-G,512
2621,1300,500,40,A P7058.135-G,539
2622,1400,500,40,A P7058.145-G,566
2623,1500,500,40,A P7058.155-G,593
2624,500,600,40,A P7058.056-G,339
2625,600,600,40,A P7058.066-G,369
2626,700,600,40,A P7058.076-G,399
2627,800,600,40,A P7058.086-G,430
2628,900,600,40,A P7058.096-G,459
2629,1000,600,40,A P7058.106-G,490
2630,1100,600,40,A P7058.116-G,520
2631,1200,600,40,A P7058.126-G,550
2632,1300,600,40,A P7058.136-G,580
2633,1400,600,40,A P7058.146-G,611
2634,1500,600,40,A P7058.156-G,640
2635,500,700,40,A P7058.057-G,356
2636,600,700,40,A P7058.067-G,389
2637,700,700,40,A P7058.077-G,423
2638,800,700,40,A P7058.087-G,456
2639,900,700,40,A P7058.097-G,489
2640,1000,700,40,A P7058.107-G,522
2641,1100,700,40,A P7058.117-G,555
2642,1200,700,40,A P7058.127-G,589
2643,500,400,40,AW7058.054,372
2644,600,400,40,AW7058.064,391
2645,700,400,40,AW7058.074,411
2646,800,400,40,AW7058.084,431
2647,900,400,40,AW7058.094,450
2648,1000,400,40,AW7058.104,470
2649,1100,400,40,AW7058.114,489
2650,1200,400,40,AW7058.124,509
2651,1300,400,40,AW7058.134,528
2652,1400,400,40,AW7058.144,547
2653,1500,400,40,AW7058.154,567
2654,500,500,40,AW7058.055,394
2655,600,500,40,AW7058.065,417
2656,700,500,40,AW7058.075,441
2657,800,500,40,AW7058.085,464
2658,900,500,40,AW7058.095,488
2659,1000,500,40,AW7058.105,512
2660,1100,500,40,AW7058.115,535
2661,1200,500,40,AW7058.125,559
2662,1300,500,40,AW7058.135,582
2663,1400,500,40,AW7058.145,606
2664,1500,500,40,AW7058.155,629
2665,500,600,40,AW7058.056,415
2666,600,600,40,AW7058.066,443
2667,700,600,40,AW7058.076,471
2668,800,600,40,AW7058.086,498
2669,900,600,40,AW7058.096,526
2670,1000,600,40,AW7058.106,554
2671,1100,600,40,AW7058.116,581
2672,1200,600,40,AW7058.126,609
2673,1300,600,40,AW7058.136,637
2674,1400,600,40,AW7058.146,665
2675,1500,600,40,AW7058.156,693
2676,500,700,40,AW7058.057,437
2677,600,700,40,AW7058.067,469
2678,700,700,40,AW7058.077,501
2679,800,700,40,AW7058.087,533
2680,900,700,40,AW7058.097,564
2681,1000,700,40,AW7058.107,596
2682,1100,700,40,AW7058.117,628
2683,1200,700,40,AW7058.127,660
2684,400,720,850,A4105.047,1943
2685,500,720,850,A4105.057,2067
2686,600,720,850,A4105.067,2237
2687,700,720,850,A4105.077,2407
2688,800,720,850,A4105.087,2577
2689,900,720,850,A4105.097,2746
2690,1000,720,850,A4105.107,2917
2691,1100,720,850,A4105.117,3086
2692,1200,720,850,A4105.127,3255
2693,1300,720,850,A4105.137,3425
2694,1400,720,850,A4105.147,3595
2695,1500,720,850,A4105.157,3765
2696,1600,720,850,A4105.167,3934
2697,1700,720,850,A4105.177,4105
2698,1800,720,850,A4105.187,4274
2699,1900,720,850,A4105.197,4444
2700,2000,720,850,A4105.207,4613
2704,1300,720,850,A4107.137,3740
2705,900,720,850,A4140/2,6186
2706,1200,720,850,A4140/3,7778
2707,1550,720,850,A4140/4,9291
2708,900,750,850,A4108/2,5112
2709,1200,750,850,A4108/3,6207
2710,1550,750,850,A4108/4,7423
2711,800,720,850,A4110/2,7614
2712,1200,720,850,A4110/3,9884
2713,1600,720,850,A4110/4,12186
2714,900,720,850,A4122/2,9754
2715,1200,720,850,A4122/3,10619
2716,1550,720,850,A4122/4,11483
2717,900,750,850,A4124/2,5276
2718,1200,750,850,A4124/3,6070
2719,1550,750,850,A4124/4,6862
2720,700,720,1390,A4121/206,14501
2721,900,720,1390,A4121/208,15236
2722,1200,720,1390,A4121/211,16363
2723,1200,720,1390,A4121/311,17733
2724,900,720,1390,A4125/2,8471
2725,1200,720,1390,A4125/3,9122
2726,1550,720,1390,A4125/4,9831
2790,400,300,300,A3180.043-K,337
2791,500,300,300,A3180.053-K,354
2792,600,300,300,A3180.063-K,371
2793,700,300,300,A3180.073-K,388
2794,800,300,300,A3180.083-K,405
2795,900,300,300,A3180.093-K,422
2796,1000,300,300,A3180.103-K,440
2797,1100,300,300,A3180.113-K,456
2798,1200,300,300,A3180.123-K,473
2799,1300,300,300,A3180.133-K,570
2800,1400,300,300,A3180.143-K,586
2801,1500,300,300,A3180.153-K,603
2802,1600,300,300,A3180.163-K,620
2803,1700,300,300,A3180.173-K,637
2804,1800,300,300,A3180.183-K,654
2805,1900,300,300,A3180.193-K,671
2806,2000,300,300,A3180.203-K,688
2807,2100,300,300,A3180.213-K,784
2808,2200,300,300,A3180.223-K,801
2809,2300,300,300,A3180.233-K,818
2810,2400,300,300,A3180.243-K,835
2811,2500,300,300,A3180.253-K,852
2812,2600,300,300,A3180.263-K,869
2813,2700,300,300,A3180.273-K,886
2814,2800,300,300,A3180.283-K,903
2815,2900,300,300,A3180.293-K,920
2816,400,400,300,A3180.044-K,375
2817,500,400,300,A3180.054-K,397
2818,600,400,300,A3180.064-K,419
2819,700,400,300,A3180.074-K,440
2820,800,400,300,A3180.084-K,462
2821,900,400,300,A3180.094-K,483
2822,1000,400,300,A3180.104-K,505
2823,1100,400,300,A3180.114-K,527
2824,1200,400,300,A3180.124-K,549
2825,1300,400,300,A3180.134-K,658
2826,1400,400,300,A3180.144-K,679
2827,1500,400,300,A3180.154-K,701
2828,1600,400,300,A3180.164-K,722
2829,1700,400,300,A3180.174-K,744
2830,1800,400,300,A3180.184-K,766
2831,1900,400,300,A3180.194-K,787
2832,2000,400,300,A3180.204-K,809
2833,2100,400,300,A3180.214-K,918
2834,2200,400,300,A3180.224-K,940
2835,2300,400,300,A3180.234-K,961
2836,2400,400,300,A3180.244-K,983
2837,2500,400,300,A3180.254-K,1005
2838,2600,400,300,A3180.264-K,1026
2839,2700,400,300,A3180.274-K,1048
2840,2800,400,300,A3180.284-K,1069
2841,2900,400,300,A3180.294-K,1091
2842,500,500,1800,A3097.055/1-U,4401
2843,600,500,1800,A3097.065/1-U,4638
2844,500,600,1800,A3097.056/1-U,4469
2845,600,600,1800,A3097.066/1-U,4717
2846,500,700,1800,A3097.057/1-U,4656
2847,600,700,1800,A3097.067/1-U,4916
2848,500,500,2000,A3097.055/2-U,4626
2849,600,500,2000,A3097.065/2-U,4881
2850,500,600,2000,A3097.056/2-U,4706
2851,600,600,2000,A3097.066/2-U,4973
2852,500,700,2000,A3097.057/2-U,4906
2853,600,700,2000,A3097.067/2-U,5184
2854,334,200,153,A3179/3,409
2855,442,200,153,A3179/4,437
2856,550,200,153,A3179/5,466
2857,658,200,153,A3179/6,495
2858,766,200,153,A3179/7,524
2859,874,200,153,A3179/8,553
2860,982,200,153,A3179/9,582
2861,1090,200,153,A3179/10,611
2862,1198,200,153,A3179/11,639
2863,1306,200,153,A3179/12,669
2864,1414,200,153,A3179/13,697
2865,1522,200,153,A3179/14,726
2866,1630,200,153,A3179/15,755
2867,1738,200,153,A3179/16,784
